{
  "collapse-filter": false,
  "search": "",
  "showTags": false,
  "showAttachments": false,
  "hideUnresolved": false,
  "showOrphans": true,
  "collapse-color-groups": false,
  "colorGroups": [
    {
      "query": "tag:#Key  ",
      "color": {
        "a": 1,
        "rgb": 11392604
      }
    },
    {
      "query": "tag:#Question  ",
      "color": {
        "a": 1,
        "rgb": 14069084
      }
    },
    {
      "query": "tag:#WorkingOn  ",
      "color": {
        "a": 1,
        "rgb": 14048348
      }
    }
  ],
  "collapse-display": false,
  "showArrow": false,
  "textFadeMultiplier": -3,
  "nodeSizeMultiplier": 2.16288981288981,
  "lineSizeMultiplier": 2.36663201663202,
  "collapse-forces": false,
  "centerStrength": 0.0675675675675676,
  "repelStrength": 4.17879417879418,
  "linkStrength": 1,
  "linkDistance": 87,
  "scale": 0.5087618855792613,
  "close": false
}