{
  "main": {
    "id": "556fc6e95b1ee594",
    "type": "split",
    "children": [
      {
        "id": "b48afc4331bfac93",
        "type": "tabs",
        "children": [
          {
            "id": "57945ce78e3017bb",
            "type": "leaf",
            "state": {
              "type": "graph",
              "state": {}
            }
          }
        ]
      }
    ],
    "direction": "vertical"
  },
  "left": {
    "id": "73dbb8266f7e8949",
    "type": "split",
    "children": [
      {
        "id": "8cdf6866c93c3f0f",
        "type": "tabs",
        "children": [
          {
            "id": "14a65964b8df11e0",
            "type": "leaf",
            "state": {
              "type": "file-explorer",
              "state": {
                "sortOrder": "alphabetical"
              }
            }
          },
          {
            "id": "22576245cff92cdf",
            "type": "leaf",
            "state": {
              "type": "search",
              "state": {
                "query": "",
                "matchingCase": false,
                "explainSearch": false,
                "collapseAll": false,
                "extraContext": false,
                "sortOrder": "alphabetical"
              }
            }
          },
          {
            "id": "bf7c68202e43a21c",
            "type": "leaf",
            "state": {
              "type": "bookmarks",
              "state": {}
            }
          },
          {
            "id": "c74ce20a1f106552",
            "type": "leaf",
            "state": {
              "type": "recent-files",
              "state": {}
            }
          }
        ]
      }
    ],
    "direction": "horizontal",
    "width": 200
  },
  "right": {
    "id": "884cb5b2441d767e",
    "type": "split",
    "children": [
      {
        "id": "d358ee4cc6698aaf",
        "type": "tabs",
        "children": [
          {
            "id": "ad54b7f87dc37433",
            "type": "leaf",
            "state": {
              "type": "backlink",
              "state": {
                "collapseAll": false,
                "extraContext": false,
                "sortOrder": "alphabetical",
                "showSearch": false,
                "searchQuery": "",
                "backlinkCollapsed": false,
                "unlinkedCollapsed": true
              }
            }
          },
          {
            "id": "a85213ee702c48ab",
            "type": "leaf",
            "state": {
              "type": "outgoing-link",
              "state": {
                "linksCollapsed": false,
                "unlinkedCollapsed": true
              }
            }
          },
          {
            "id": "a8b7406b37e6681d",
            "type": "leaf",
            "state": {
              "type": "tag",
              "state": {
                "sortOrder": "frequency",
                "useHierarchy": true
              }
            }
          },
          {
            "id": "4349d433e3938dee",
            "type": "leaf",
            "state": {
              "type": "outline",
              "state": {}
            }
          },
          {
            "id": "6e23a91487778124",
            "type": "leaf",
            "state": {
              "type": "all-properties",
              "state": {
                "sortOrder": "frequency",
                "showSearch": false,
                "searchQuery": ""
              }
            }
          }
        ]
      }
    ],
    "direction": "horizontal",
    "width": 300,
    "collapsed": true
  },
  "left-ribbon": {
    "hiddenItems": {
      "switcher:Open quick switcher": false,
      "graph:Open graph view": false,
      "canvas:Create new canvas": false,
      "daily-notes:Open today's daily note": false,
      "templates:Insert template": false,
      "command-palette:Open command palette": false,
      "markdown-importer:Open format converter": false,
      "templater-obsidian:Templater": false
    }
  },
  "active": "57945ce78e3017bb",
  "lastOpenFiles": [
    "Task/Rossby Waves.md",
    "Task/요청 사항.md",
    "Dataset.md",
    "paper/GNN으로 기상 예측 가능.md",
    "Overview.md",
    "paper/GraphCast by Deepmind.md",
    "Untitled.md",
    "paper/General Forecasting Problem Statement.md",
    "templete/논문 정리.md",
    "Task/Pasted image 20240708164348.png",
    "Task/reflection of planetary wave.md",
    "Task/Task.md",
    "templete",
    "Task/Prediction Challenge.md",
    "Coding/solar_radiation.py.md",
    "rossby wave.md",
    "Task/Sudden Stratospheric Warming.md",
    "Coding/Code.md",
    "Coding/GPU Info.md",
    "Coding/autoregressive.py.md",
    "Coding/rollout.py.md",
    "structure/GraphCast Model.md",
    "structure/Message-passing GNN.md",
    "Coding/Property/latent_size.md",
    "Coding/Property/resolution.md",
    "Coding/Property/mesh2grid_dege_normalization_factor.md",
    "요청 사항.pdf",
    "무제 파일.canvas",
    "무제 파일 1.canvas",
    "Task",
    "Graduate",
    "2024 UnionWorkshop",
    "GraphCast/Coding",
    "GraphCast/무제 파일.canvas",
    "Coding"
  ]
}